[
{
  "fields": {
    "model": "logentry",
    "app_label": "admin"
  },
  "model": "contenttypes.contenttype",
  "pk": 1
},
{
  "fields": {
    "model": "permission",
    "app_label": "auth"
  },
  "model": "contenttypes.contenttype",
  "pk": 2
},
{
  "fields": {
    "model": "group",
    "app_label": "auth"
  },
  "model": "contenttypes.contenttype",
  "pk": 3
},
{
  "fields": {
    "model": "user",
    "app_label": "auth"
  },
  "model": "contenttypes.contenttype",
  "pk": 4
},
{
  "fields": {
    "model": "contenttype",
    "app_label": "contenttypes"
  },
  "model": "contenttypes.contenttype",
  "pk": 5
},
{
  "fields": {
    "model": "session",
    "app_label": "sessions"
  },
  "model": "contenttypes.contenttype",
  "pk": 6
},
{
  "fields": {
    "model": "brand",
    "app_label": "sku"
  },
  "model": "contenttypes.contenttype",
  "pk": 7
},
{
  "fields": {
    "model": "category",
    "app_label": "sku"
  },
  "model": "contenttypes.contenttype",
  "pk": 8
},
{
  "fields": {
    "model": "item",
    "app_label": "sku"
  },
  "model": "contenttypes.contenttype",
  "pk": 9
},
{
  "fields": {
    "name": "Apple"
  },
  "model": "sku.brand",
  "pk": 1
},
{
  "fields": {
    "name": "Lenovo"
  },
  "model": "sku.brand",
  "pk": 2
},
{
  "fields": {
    "name": "Hewlett-Packard"
  },
  "model": "sku.brand",
  "pk": 3
},
{
  "fields": {
    "name": "Asus"
  },
  "model": "sku.brand",
  "pk": 4
},
{
  "fields": {
    "name": "Dell"
  },
  "model": "sku.brand",
  "pk": 5
},
{
  "fields": {
    "name": "Mobile phones"
  },
  "model": "sku.category",
  "pk": 1
},
{
  "fields": {
    "name": "Notebooks"
  },
  "model": "sku.category",
  "pk": 2
},
{
  "fields": {
    "name": "Workstations"
  },
  "model": "sku.category",
  "pk": 3
},
{
  "fields": {
    "category": 1,
    "sku": "MO_AP_00001",
    "brand": 1,
    "name": "Apple iPhone 5S"
  },
  "model": "sku.item",
  "pk": 1
},
{
  "fields": {
    "category": 1,
    "sku": "MO_AP_00002",
    "brand": 1,
    "name": "Apple iPhone 6"
  },
  "model": "sku.item",
  "pk": 2
},
{
  "fields": {
    "category": 1,
    "sku": "MO_AP_00003",
    "brand": 1,
    "name": "Apple iPhone 6 Plus"
  },
  "model": "sku.item",
  "pk": 3
},
{
  "fields": {
    "category": 1,
    "sku": "MO_AS_00001",
    "brand": 4,
    "name": "Asus ZenPhone 4"
  },
  "model": "sku.item",
  "pk": 4
},
{
  "fields": {
    "category": 1,
    "sku": "MO_AS_00002",
    "brand": 4,
    "name": "Asus ZenPhone 6"
  },
  "model": "sku.item",
  "pk": 5
},
{
  "fields": {
    "category": 1,
    "sku": "MO_AS_00003",
    "brand": 4,
    "name": "Asus ZenPhone 5"
  },
  "model": "sku.item",
  "pk": 6
},
{
  "fields": {
    "category": 1,
    "sku": "MO_AS_00004",
    "brand": 4,
    "name": "Asus ZenPhone C"
  },
  "model": "sku.item",
  "pk": 7
},
{
  "fields": {
    "category": 1,
    "sku": "MO_DE_00001",
    "brand": 5,
    "name": "Dell Streak Pro D43"
  },
  "model": "sku.item",
  "pk": 8
},
{
  "fields": {
    "category": 1,
    "sku": "MO_DE_00002",
    "brand": 5,
    "name": "Dell Streak 7"
  },
  "model": "sku.item",
  "pk": 9
},
{
  "fields": {
    "category": 1,
    "sku": "MO_DE_00003",
    "brand": 5,
    "name": "Dell Streak 7 Wi-Fi"
  },
  "model": "sku.item",
  "pk": 10
},
{
  "fields": {
    "category": 1,
    "sku": "MO_DE_00004",
    "brand": 5,
    "name": "Dell Venue 8 7000"
  },
  "model": "sku.item",
  "pk": 11
},
{
  "fields": {
    "category": 1,
    "sku": "MO_DE_00005",
    "brand": 5,
    "name": "Dell Venue 10 7000"
  },
  "model": "sku.item",
  "pk": 12
},
{
  "fields": {
    "category": 2,
    "sku": "NO_AP_00001",
    "brand": 1,
    "name": "MacBook Pro Retina 13\""
  },
  "model": "sku.item",
  "pk": 13
},
{
  "fields": {
    "category": 2,
    "sku": "NO_AP_00002",
    "brand": 1,
    "name": "MacBook Pro Retina 15\""
  },
  "model": "sku.item",
  "pk": 14
},
{
  "fields": {
    "category": 2,
    "sku": "NO_AP_00003",
    "brand": 1,
    "name": "MacBook Pro Retina 17\""
  },
  "model": "sku.item",
  "pk": 15
},
{
  "fields": {
    "category": 2,
    "sku": "NO_AP_00004",
    "brand": 1,
    "name": "MacBook Pro 13\""
  },
  "model": "sku.item",
  "pk": 16
},
{
  "fields": {
    "category": 2,
    "sku": "NO_AP_00005",
    "brand": 1,
    "name": "MacBook Pro 15\""
  },
  "model": "sku.item",
  "pk": 17
},
{
  "fields": {
    "category": 2,
    "sku": "NO_AP_00006",
    "brand": 1,
    "name": "MacBook Pro 17\""
  },
  "model": "sku.item",
  "pk": 18
},
{
  "fields": {
    "category": 2,
    "sku": "NO_AP_00007",
    "brand": 1,
    "name": "MacBook Air 11\""
  },
  "model": "sku.item",
  "pk": 19
},
{
  "fields": {
    "category": 2,
    "sku": "NO_AP_00008",
    "brand": 1,
    "name": "MacBook Air 13\""
  },
  "model": "sku.item",
  "pk": 20
},
{
  "fields": {
    "category": 2,
    "sku": "NO_AP_00009",
    "brand": 1,
    "name": "MacBook"
  },
  "model": "sku.item",
  "pk": 21
},
{
  "fields": {
    "category": 2,
    "sku": "NO_AS_00001",
    "brand": 4,
    "name": "Asus Transformer Book T200"
  },
  "model": "sku.item",
  "pk": 22
},
{
  "fields": {
    "category": 2,
    "sku": "NO_AS_00002",
    "brand": 4,
    "name": "Asus Transformer Book T100"
  },
  "model": "sku.item",
  "pk": 23
},
{
  "fields": {
    "category": 2,
    "sku": "NO_AS_00003",
    "brand": 4,
    "name": "Asus Transformer ZenBook UX305"
  },
  "model": "sku.item",
  "pk": 24
},
{
  "fields": {
    "category": 2,
    "sku": "NO_AS_00004",
    "brand": 4,
    "name": "Asus Transformer ROG G750"
  },
  "model": "sku.item",
  "pk": 25
},
{
  "fields": {
    "category": 2,
    "sku": "NO_AS_00005",
    "brand": 4,
    "name": "Asus Transformer ZenBook UX301"
  },
  "model": "sku.item",
  "pk": 26
},
{
  "fields": {
    "category": 2,
    "sku": "NO_AS_00006",
    "brand": 4,
    "name": "Asus Transformer ZenBook Pro UX501"
  },
  "model": "sku.item",
  "pk": 27
},
{
  "fields": {
    "category": 2,
    "sku": "NO_DE_00001",
    "brand": 5,
    "name": "Dell Precision M6800"
  },
  "model": "sku.item",
  "pk": 28
},
{
  "fields": {
    "category": 2,
    "sku": "NO_DE_00002",
    "brand": 5,
    "name": "Dell Precision M4800"
  },
  "model": "sku.item",
  "pk": 29
},
{
  "fields": {
    "category": 2,
    "sku": "NO_DE_00003",
    "brand": 5,
    "name": "Dell Alienware 17"
  },
  "model": "sku.item",
  "pk": 30
},
{
  "fields": {
    "category": 2,
    "sku": "NO_DE_00004",
    "brand": 5,
    "name": "Dell Lattitude E7450"
  },
  "model": "sku.item",
  "pk": 31
},
{
  "fields": {
    "category": 2,
    "sku": "NO_DE_00005",
    "brand": 5,
    "name": "Dell Lattitude E7250"
  },
  "model": "sku.item",
  "pk": 32
},
{
  "fields": {
    "category": 2,
    "sku": "NO_DE_00006",
    "brand": 5,
    "name": "Dell XPS 13"
  },
  "model": "sku.item",
  "pk": 33
},
{
  "fields": {
    "category": 2,
    "sku": "NO_DE_00007",
    "brand": 5,
    "name": "Dell XPS 12 UltraBook"
  },
  "model": "sku.item",
  "pk": 34
},
{
  "fields": {
    "category": 2,
    "sku": "NO_DE_00008",
    "brand": 5,
    "name": "Dell Alienware 13"
  },
  "model": "sku.item",
  "pk": 35
},
{
  "fields": {
    "category": 2,
    "sku": "NO_HE_00001",
    "brand": 3,
    "name": "HP ZBook 15 G2"
  },
  "model": "sku.item",
  "pk": 36
},
{
  "fields": {
    "category": 2,
    "sku": "NO_HE_00002",
    "brand": 3,
    "name": "HP Omen 15"
  },
  "model": "sku.item",
  "pk": 37
},
{
  "fields": {
    "category": 2,
    "sku": "NO_HE_00003",
    "brand": 3,
    "name": "HP ZBook 17"
  },
  "model": "sku.item",
  "pk": 38
},
{
  "fields": {
    "category": 2,
    "sku": "NO_HE_00004",
    "brand": 3,
    "name": "HP EliteBook Revolve 810 G2"
  },
  "model": "sku.item",
  "pk": 39
},
{
  "fields": {
    "category": 2,
    "sku": "NO_LE_00001",
    "brand": 2,
    "name": "Lenovo G40-30"
  },
  "model": "sku.item",
  "pk": 40
},
{
  "fields": {
    "category": 2,
    "sku": "NO_LE_00002",
    "brand": 2,
    "name": "Lenovo B590"
  },
  "model": "sku.item",
  "pk": 41
},
{
  "fields": {
    "category": 2,
    "sku": "NO_LE_00003",
    "brand": 2,
    "name": "Lenovo Z50-70"
  },
  "model": "sku.item",
  "pk": 42
},
{
  "fields": {
    "category": 2,
    "sku": "NO_LE_00004",
    "brand": 2,
    "name": "Lenovo G50-30"
  },
  "model": "sku.item",
  "pk": 43
},
{
  "fields": {
    "category": 2,
    "sku": "NO_LE_00005",
    "brand": 2,
    "name": "Lenovo G70-70"
  },
  "model": "sku.item",
  "pk": 44
},
{
  "fields": {
    "category": 2,
    "sku": "NO_LE_00006",
    "brand": 2,
    "name": "Lenovo Yoga 3 Pro 13"
  },
  "model": "sku.item",
  "pk": 45
},
{
  "fields": {
    "category": 2,
    "sku": "NO_LE_00007",
    "brand": 2,
    "name": "Lenovo Yoga 500"
  },
  "model": "sku.item",
  "pk": 46
},
{
  "fields": {
    "category": 2,
    "sku": "NO_LE_00008",
    "brand": 2,
    "name": "Lenovo Flex 10"
  },
  "model": "sku.item",
  "pk": 47
},
{
  "fields": {
    "category": 2,
    "sku": "NO_LE_00009",
    "brand": 2,
    "name": "Lenovo ThinkPad E540"
  },
  "model": "sku.item",
  "pk": 48
},
{
  "fields": {
    "category": 3,
    "sku": "WO_LE_00001",
    "brand": 2,
    "name": "Lenovo IdeaCentre H50-50"
  },
  "model": "sku.item",
  "pk": 49
},
{
  "fields": {
    "category": 3,
    "sku": "WO_LE_00002",
    "brand": 2,
    "name": "Lenovo IdeaCentre H535"
  },
  "model": "sku.item",
  "pk": 50
},
{
  "fields": {
    "category": 3,
    "sku": "WO_DE_00001",
    "brand": 5,
    "name": "Dell OptiPlex 3020 SFF"
  },
  "model": "sku.item",
  "pk": 51
},
{
  "fields": {
    "category": 3,
    "sku": "WO_DE_00002",
    "brand": 5,
    "name": "Dell OptiPlex 3020 MT"
  },
  "model": "sku.item",
  "pk": 52
},
{
  "fields": {
    "category": 3,
    "sku": "WO_HE_00001",
    "brand": 3,
    "name": "HP ProDesk 600 G1 DM"
  },
  "model": "sku.item",
  "pk": 53
},
{
  "fields": {
    "category": 3,
    "sku": "WO_HE_00002",
    "brand": 3,
    "name": "HP ProDesk 400 G2 MT"
  },
  "model": "sku.item",
  "pk": 54
},
{
  "fields": {
    "category": 3,
    "sku": "WO_HE_00003",
    "brand": 3,
    "name": "HP 280 G1 MT"
  },
  "model": "sku.item",
  "pk": 55
},
{
  "fields": {
    "category": 3,
    "sku": "WO_HE_00004",
    "brand": 3,
    "name": "HP EliteDesk 800 G1"
  },
  "model": "sku.item",
  "pk": 56
},
{
  "fields": {
    "category": 3,
    "sku": "WO_AP_00001",
    "brand": 1,
    "name": "Apple MacPro"
  },
  "model": "sku.item",
  "pk": 57
},
{
  "fields": {
    "category": 3,
    "sku": "WO_AP_00002",
    "brand": 1,
    "name": "Apple Mac Mini"
  },
  "model": "sku.item",
  "pk": 58
},
{
  "fields": {
    "category": 3,
    "sku": "WO_AP_00003",
    "brand": 1,
    "name": "Apple iMac 21.5\""
  },
  "model": "sku.item",
  "pk": 59
},
{
  "fields": {
    "category": 3,
    "sku": "WO_AP_00004",
    "brand": 1,
    "name": "Apple iMac 27\" with Retina Display"
  },
  "model": "sku.item",
  "pk": 60
},
{
  "fields": {
    "category": 1,
    "sku": "MO_LE_00001",
    "brand": 2,
    "name": "Lenovo A5000 Black"
  },
  "model": "sku.item",
  "pk": 61
},
{
  "fields": {
    "category": 1,
    "sku": "MO_LE_00002",
    "brand": 2,
    "name": "Lenovo A328 White"
  },
  "model": "sku.item",
  "pk": 62
},
{
  "fields": {
    "category": 1,
    "sku": "MO_LE_00003",
    "brand": 2,
    "name": "Lenovo A319 Music 3G"
  },
  "model": "sku.item",
  "pk": 63
},
{
  "fields": {
    "category": 1,
    "sku": "MO_LE_00004",
    "brand": 2,
    "name": "Lenovo A7000 Pearl White"
  },
  "model": "sku.item",
  "pk": 64
},
{
  "fields": {
    "category": 1,
    "sku": "MO_LE_00005",
    "brand": 2,
    "name": "Lenovo S90 Graphite Grey"
  },
  "model": "sku.item",
  "pk": 65
},
{
  "fields": {
    "category": 1,
    "sku": "MO_LE_00006",
    "brand": 2,
    "name": "Lenovo A316i 3G Black"
  },
  "model": "sku.item",
  "pk": 66
},
{
  "fields": {
    "codename": "add_logentry",
    "name": "Can add log entry",
    "content_type": 1
  },
  "model": "auth.permission",
  "pk": 1
},
{
  "fields": {
    "codename": "change_logentry",
    "name": "Can change log entry",
    "content_type": 1
  },
  "model": "auth.permission",
  "pk": 2
},
{
  "fields": {
    "codename": "delete_logentry",
    "name": "Can delete log entry",
    "content_type": 1
  },
  "model": "auth.permission",
  "pk": 3
},
{
  "fields": {
    "codename": "add_permission",
    "name": "Can add permission",
    "content_type": 2
  },
  "model": "auth.permission",
  "pk": 4
},
{
  "fields": {
    "codename": "change_permission",
    "name": "Can change permission",
    "content_type": 2
  },
  "model": "auth.permission",
  "pk": 5
},
{
  "fields": {
    "codename": "delete_permission",
    "name": "Can delete permission",
    "content_type": 2
  },
  "model": "auth.permission",
  "pk": 6
},
{
  "fields": {
    "codename": "add_group",
    "name": "Can add group",
    "content_type": 3
  },
  "model": "auth.permission",
  "pk": 7
},
{
  "fields": {
    "codename": "change_group",
    "name": "Can change group",
    "content_type": 3
  },
  "model": "auth.permission",
  "pk": 8
},
{
  "fields": {
    "codename": "delete_group",
    "name": "Can delete group",
    "content_type": 3
  },
  "model": "auth.permission",
  "pk": 9
},
{
  "fields": {
    "codename": "add_user",
    "name": "Can add user",
    "content_type": 4
  },
  "model": "auth.permission",
  "pk": 10
},
{
  "fields": {
    "codename": "change_user",
    "name": "Can change user",
    "content_type": 4
  },
  "model": "auth.permission",
  "pk": 11
},
{
  "fields": {
    "codename": "delete_user",
    "name": "Can delete user",
    "content_type": 4
  },
  "model": "auth.permission",
  "pk": 12
},
{
  "fields": {
    "codename": "add_contenttype",
    "name": "Can add content type",
    "content_type": 5
  },
  "model": "auth.permission",
  "pk": 13
},
{
  "fields": {
    "codename": "change_contenttype",
    "name": "Can change content type",
    "content_type": 5
  },
  "model": "auth.permission",
  "pk": 14
},
{
  "fields": {
    "codename": "delete_contenttype",
    "name": "Can delete content type",
    "content_type": 5
  },
  "model": "auth.permission",
  "pk": 15
},
{
  "fields": {
    "codename": "add_session",
    "name": "Can add session",
    "content_type": 6
  },
  "model": "auth.permission",
  "pk": 16
},
{
  "fields": {
    "codename": "change_session",
    "name": "Can change session",
    "content_type": 6
  },
  "model": "auth.permission",
  "pk": 17
},
{
  "fields": {
    "codename": "delete_session",
    "name": "Can delete session",
    "content_type": 6
  },
  "model": "auth.permission",
  "pk": 18
},
{
  "fields": {
    "codename": "add_brand",
    "name": "Can add brand",
    "content_type": 7
  },
  "model": "auth.permission",
  "pk": 19
},
{
  "fields": {
    "codename": "change_brand",
    "name": "Can change brand",
    "content_type": 7
  },
  "model": "auth.permission",
  "pk": 20
},
{
  "fields": {
    "codename": "delete_brand",
    "name": "Can delete brand",
    "content_type": 7
  },
  "model": "auth.permission",
  "pk": 21
},
{
  "fields": {
    "codename": "add_category",
    "name": "Can add category",
    "content_type": 8
  },
  "model": "auth.permission",
  "pk": 22
},
{
  "fields": {
    "codename": "change_category",
    "name": "Can change category",
    "content_type": 8
  },
  "model": "auth.permission",
  "pk": 23
},
{
  "fields": {
    "codename": "delete_category",
    "name": "Can delete category",
    "content_type": 8
  },
  "model": "auth.permission",
  "pk": 24
},
{
  "fields": {
    "codename": "add_item",
    "name": "Can add item",
    "content_type": 9
  },
  "model": "auth.permission",
  "pk": 25
},
{
  "fields": {
    "codename": "change_item",
    "name": "Can change item",
    "content_type": 9
  },
  "model": "auth.permission",
  "pk": 26
},
{
  "fields": {
    "codename": "delete_item",
    "name": "Can delete item",
    "content_type": 9
  },
  "model": "auth.permission",
  "pk": 27
},
{
  "fields": {
    "username": "archim",
    "first_name": "",
    "last_name": "",
    "is_active": true,
    "is_superuser": true,
    "is_staff": true,
    "last_login": null,
    "groups": [],
    "user_permissions": [],
    "password": "pbkdf2_sha256$20000$z2rBj7usP6Ky$sBD7PuoYr3aYtnFmokUeAhulIQQP5t9k/eUOSIb/6Jg=",
    "email": "metasov@gmail.com",
    "date_joined": "2015-08-31T15:35:35Z"
  },
  "model": "auth.user",
  "pk": 1
},
{
  "fields": {
    "username": "skutest",
    "first_name": "",
    "last_name": "",
    "is_active": true,
    "is_superuser": true,
    "is_staff": true,
    "last_login": null,
    "groups": [],
    "user_permissions": [],
    "password": "pbkdf2_sha256$20000$BPukDhHtKEpZ$CVqcyfzHwjQOzysZUOZtlYBIL04rAleQOJZqLTkFHaA=",
    "email": "test@example.com",
    "date_joined": "2015-08-31T15:35:50Z"
  },
  "model": "auth.user",
  "pk": 2
}
]
